[
  {
    "eventId": "hack-01",
    "eventName": "DevJams",
    "organiserName": "GOOGLE DEVELOPERS STUDENT CLUB (GDSC)",
    "regFee": 0,
    "totalTickets": 1200,
    "buzzMeter": 3.125,
    "ticketSold": 750,
    "ticketLeft": 450,
    "startDate": "2025-09-21T08:00:00+05:30",
    "endDate": "2025-09-23T11:00:00+05:30",
    "status": true
  },
  {
    "eventId": "game-01",
    "eventName": "LaserTag",
    "organiserName": "COMPUTER SOCIETY OF INDIA (CSI)",
    "regFee": 250,
    "totalTickets": 400,
    "buzzMeter": 4.375,
    "ticketSold": 350,
    "ticketLeft": 50,
    "startDate": "2025-09-26T10:00:00+05:30",
    "endDate": "2025-09-26T18:00:00+05:30",
    "status": true
  },
  {
    "eventId": "idea-01",
    "eventName": "HP Dreams Unlocked",
    "organiserName": "IEEE - TEMS",
    "regFee": 50,
    "totalTickets": 100,
    "buzzMeter": 5,
    "ticketSold": 100,
    "ticketLeft": 0,
    "startDate": "2025-09-16T14:00:00+05:30",
    "endDate": "2025-09-16T18:00:00+05:30",
    "status": false
  },
  {
    "eventId": "hack-02",
    "eventName": "Code2Create 6.0 (C2C)",
    "organiserName": "Association for Computing Machinery (ACM-VIT)",
    "regFee": 0,
    "totalTickets": 200,
    "buzzMeter": 4.375,
    "ticketSold": 175,
    "ticketLeft": 25,
    "startDate": "2025-09-20T14:00:00+05:30",
    "endDate": "2025-09-21T10:00:00+05:30",
    "status": true
  },
  {
    "eventId": "game-02",
    "eventName": "GlowRide",
    "organiserName": "CYCLING CLUB",
    "regFee": 250,
    "totalTickets": 300,
    "buzzMeter": 4.166,
    "ticketSold": 250,
    "ticketLeft": 50,
    "startDate": "2025-09-25T20:00:00+05:30",
    "endDate": "2025-09-26T00:00:00+05:30",
    "status": true
  },
  {
    "eventId": "idea-02",
    "eventName": "Novus Ordo",
    "organiserName": "VITMUNSOC",
    "regFee": 350,
    "totalTickets": 250,
    "buzzMeter": 1.3,
    "ticketSold": 65,
    "ticketLeft": 185,
    "startDate": "2025-09-23T10:00:00+05:30",
    "endDate": "2025-09-23T18:00:00+05:30",
    "status": false
  }
]