[
  {
    "financeId": "f1",
    "eventId": "hack-01",
    "domainId": "do-7",
    "pCost": 10586,
    "hCost": 1032000,
    "gCost": 1500,
    "tCost": 3027,
    "sGot": 1600000,
    "prizePool": 400000,
    "ticketProfit": 0,
    "totalRevenue": 1600000,
    "totalExpenditure": 1547113,
    "profit_loss": 52887,
    "status": true
  },
  {
    "financeId": "f2",
    "eventId": "hack-02",
    "domainId": "do-7",
    "pCost": 998,
    "hCost": 150000,
    "gCost": 76498,
    "tCost": 13095,
    "sGot": 400000,
    "prizePool": 150000,
    "ticketProfit": 0,
    "totalRevenue": 400000,
    "totalExpenditure": 390591,
    "profit_loss": 9409,
    "status": true
  },
  {
    "financeId": "f3",
    "eventId": "game-01",
    "domainId": "do-7",
    "pCost": 41170,
    "hCost": 32000,
    "gCost": 0,
    "tCost": 0,
    "sGot": 0,
    "prizePool": 0,
    "ticketProfit": 87500,
    "totalRevenue": 87500,
    "totalExpenditure": 73170,
    "profit_loss": 14330,
    "status": true
  },
  {
    "financeId": "f4",
    "eventId": "game-02",
    "domainId": "do-7",
    "pCost": 9234,
    "hCost": 8000,
    "gCost": 0,
    "tCost": 0,
    "sGot": 20000,
    "prizePool": 20000,
    "ticketProfit": 62500,
    "totalRevenue": 82500,
    "totalExpenditure": 37234,
    "profit_loss": 45266,
    "status": true
  },
  {
    "financeId": "f5",
    "eventId": "idea-01",
    "domainId": "do-7",
    "pCost": 496555,
    "hCost": 30000,
    "gCost": 0,
    "tCost": 0,
    "sGot": 520000,
    "prizePool": 0,
    "ticketProfit": 5000,
    "totalRevenue": 525000,
    "totalExpenditure": 526555,
    "profit_loss": -1555,
    "status": false
  },
  {
    "financeId": "f6",
    "eventId": "idea-02",
    "domainId": "do-7",
    "pCost": 3742,
    "hCost": 72000,
    "gCost": 0,
    "tCost": 0,
    "sGot": 0,
    "prizePool": 0,
    "ticketProfit": 22750,
    "totalRevenue": 22750,
    "totalExpenditure": 75742,
    "profit_loss": -52992,
    "status": false
  }
]