[
  {
    "purchaseId": "p1",
    "eventId": "hack-01",
    "domainId": "do-1",
    "itemName": "Speaker",
    "quantity": 4,
    "unitCost": 1999,
    "referenceLink": "https://amzn.in/d/6lSfssJ",
    "totalCost": 7996
  },
  {
    "purchaseId": "p2",
    "eventId": "hack-01",
    "domainId": "do-1",
    "itemName": "Projector",
    "quantity": 1,
    "unitCost": 2590,
    "referenceLink": "https://amzn.in/d/b0rqspg",
    "totalCost": 2590
  },
  {
    "purchaseId": "p3",
    "eventId": "hack-02",
    "domainId": "do-1",
    "itemName": "Medals",
    "quantity": 2,
    "unitCost": 499,
    "referenceLink": "https://amzn.in/d/eK8iSiL",
    "totalCost": 998
  },
  {
    "purchaseId": "p4",
    "eventId": "game-01",
    "domainId": "do-1",
    "itemName": "Laser X guns",
    "quantity": 2,
    "unitCost": 19429,
    "referenceLink": "https://amzn.in/d/3i5A7zt",
    "totalCost": 38858
  },
  {
    "purchaseId": "p5",
    "eventId": "game-01",
    "domainId": "do-1",
    "itemName": "Neon Bands",
    "quantity": 8,
    "unitCost": 289,
    "referenceLink": "https://amzn.in/d/3i5A7zt",
    "totalCost": 2312
  },
  {
    "purchaseId": "p6",
    "eventId": "game-02",
    "domainId": "do-1",
    "itemName": "Cycles rent",
    "quantity": 50,
    "unitCost": 150,
    "referenceLink": "No link required",
    "totalCost": 7500
  },
  {
    "purchaseId": "p7",
    "eventId": "game-02",
    "domainId": "do-1",
    "itemName": "Neon Bands",
    "quantity": 6,
    "unitCost": 289,
    "referenceLink": "https://amzn.in/d/3i5A7zt",
    "totalCost": 1734
  },
  {
    "purchaseId": "p8",
    "eventId": "idea-01",
    "domainId": "do-1",
    "itemName": "Handless Mic",
    "quantity": 1,
    "unitCost": 8599,
    "referenceLink": "https://amzn.in/d/ibCqeRo",
    "totalCost": 8599
  },
  {
    "purchaseId": "p9",
    "eventId": "idea-01",
    "domainId": "do-1",
    "itemName": "Hp Omen",
    "quantity": 4,
    "unitCost": 121989,
    "referenceLink": "https://amzn.in/d/3mrcGh4",
    "totalCost": 487956
  },
  {
    "purchaseId": "p10",
    "eventId": "idea-02",
    "domainId": "do-1",
    "itemName": "Mic",
    "quantity": 4,
    "unitCost": 677,
    "referenceLink": "https://amzn.in/d/gKbvqXX",
    "totalCost": 2708
  },
  {
    "purchaseId": "p11",
    "eventId": "idea-02",
    "domainId": "do-1",
    "itemName": "Trophy",
    "quantity": 1,
    "unitCost": 1034,
    "referenceLink": "https://amzn.in/d/3SzI4qS",
    "totalCost": 1034
  }
]