[
  {
    "transportId": "t1",
    "eventId": "hack-01",
    "domainId": "do-3",
    "gcId": "g1",
    "vehicleType": "Innova",
    "vehicleCost": 19,
    "distance": 133,
    "driverBata": 500,
    "tCost": 3027
  },
  {
    "transportId": "t2",
    "eventId": "hack-02",
    "domainId": "do-3",
    "gcId": "g2",
    "vehicleType": "Flight",
    "vehicleCost": 8999,
    "distance": 500,
    "driverBata": 0,
    "tCost": 8999
  },
  {
    "transportId": "t3",
    "eventId": "hack-02",
    "domainId": "do-3",
    "gcId": "g2",
    "vehicleType": "Innova",
    "vehicleCost": 19,
    "distance": 133,
    "driverBata": 500,
    "tCost": 3027
  },
  {
    "transportId": "t4",
    "eventId": "hack-02",
    "domainId": "do-3",
    "gcId": "g3",
    "vehicleType": "Train",
    "vehicleCost": 799,
    "distance": 200,
    "driverBata": 0,
    "tCost": 799
  },
  {
    "transportId": "t5",
    "eventId": "hack-02",
    "domainId": "do-3",
    "gcId": "g3",
    "vehicleType": "Swift Dzire",
    "vehicleCost": 14,
    "distance": 5,
    "driverBata": 200,
    "tCost": 270
  }
]